-- MySQL dump 10.13  Distrib 5.6.29, for Win64 (x86_64)
--
-- Host: localhost    Database: analyte_management
-- ------------------------------------------------------
-- Server version	5.6.29-log

/*!40101 SET @OLD_CHARACTER_SET_CLIENT=@@CHARACTER_SET_CLIENT */;
/*!40101 SET @OLD_CHARACTER_SET_RESULTS=@@CHARACTER_SET_RESULTS */;
/*!40101 SET @OLD_COLLATION_CONNECTION=@@COLLATION_CONNECTION */;
/*!40101 SET NAMES utf8 */;
/*!40103 SET @OLD_TIME_ZONE=@@TIME_ZONE */;
/*!40103 SET TIME_ZONE='+00:00' */;
/*!40014 SET @OLD_UNIQUE_CHECKS=@@UNIQUE_CHECKS, UNIQUE_CHECKS=0 */;
/*!40014 SET @OLD_FOREIGN_KEY_CHECKS=@@FOREIGN_KEY_CHECKS, FOREIGN_KEY_CHECKS=0 */;
/*!40101 SET @OLD_SQL_MODE=@@SQL_MODE, SQL_MODE='NO_AUTO_VALUE_ON_ZERO' */;
/*!40111 SET @OLD_SQL_NOTES=@@SQL_NOTES, SQL_NOTES=0 */;

--
-- Table structure for table `analyteguideline`
--

DROP TABLE IF EXISTS `analyteguideline`;
/*!40101 SET @saved_cs_client     = @@character_set_client */;
/*!40101 SET character_set_client = utf8 */;
CREATE TABLE `analyteguideline` (
  `Id` int(11) NOT NULL AUTO_INCREMENT,
  `AnalyteName` varchar(2000) NOT NULL,
  `Unit` varchar(200) DEFAULT NULL,
  `GuidelineValue` varchar(2000) NOT NULL,
  `ValueType` varchar(200) DEFAULT NULL,
  `ReferenceSource` varchar(2000) DEFAULT NULL,
  `ComparisonOperation` varchar(200) DEFAULT NULL,
  `GuidelineId` int(11) NOT NULL,
  PRIMARY KEY (`Id`),
  KEY `FK_LABANALYTE_GUIDELINE_idx` (`GuidelineId`),
  CONSTRAINT `FK_LABANALYTE_GUIDELINE` FOREIGN KEY (`GuidelineId`) REFERENCES `guideline` (`Id`) ON DELETE CASCADE ON UPDATE CASCADE
) ENGINE=InnoDB AUTO_INCREMENT=133 DEFAULT CHARSET=utf8;
/*!40101 SET character_set_client = @saved_cs_client */;

--
-- Dumping data for table `analyteguideline`
--

LOCK TABLES `analyteguideline` WRITE;
/*!40000 ALTER TABLE `analyteguideline` DISABLE KEYS */;
INSERT INTO `analyteguideline` VALUES (1,'Aluminum (Al)-Dissolved','mg/L','if([PH] >= 6.5, 0.05, Exp(1.6 - 3.327 * [PH] + (0.402 * [PH] * [PH])))','equation','http://www.env.gov.bc.ca/wat/wq/BCguidelines/aluminum/aluminum.html','Less',2),(2,'Aluminum (Al)-Dissolved','mg/L','if([PH] >= 6.0, 0.1, Exp(1.209 - 2.426 * [PH] + (0.286 * [PH] * [PH])))','equation','http://www.env.gov.bc.ca/wat/wq/BCguidelines/aluminum/aluminum.html','Less',1),(3,'Aluminum (Al)-Total','ug/L','if([PH] < 6.5, 5, 100)','equation','http://st-ts.ccme.ca/en/index.html?lang=en&factsheet=4#aql_fresh_concentration','Less',13),(4,'Arsenic (As)-Total','ug/L','5','double','http://www.env.gov.bc.ca/wat/wq/BCguidelines/arsenic/index.html','Less',2),(5,'Cadmium (Cd)-Dissolved','ug/L','Max(Min((Exp((0.736 * Log([Hardness (as CaCO3)], [Math.E])) - 4.943)), 0.457), 0.0176)','equation','Table ES-1 in http://www2.gov.bc.ca/assets/gov/environment/air-land-water/water/waterquality/waterqualityguidesobjs/approved-wat-qual-guides/cadmium/cadmium.pdf','Less',2),(6,'Copper (Cu)-Total','ug/L','if([Hardness (as CaCO3)] >= 50, 0.04  * [Hardness (as CaCO3)],2)','equation','http://www.env.gov.bc.ca/wat/wq/BCguidelines/copper/copper.html','Less',2),(7,'Lead (Pb)-Total','ug/L','3.31 + Exp((1.273 * Log([Hardness (as CaCO3)], [Math.E])) - 4.704)','equation','http://www.env.gov.bc.ca/wat/wq/BCguidelines/lead/lead.html','Less',2),(8,'Manganese (Mn)-Total','mg/L','([Hardness (as CaCO3)] * 0.0044) + 0.605','equation','http://www.env.gov.bc.ca/wat/wq/BCguidelines/manganese/manganese.html','Less',2),(9,'Selenium (Se)-Total','ug/L','2','double','Table 1.1 in   http://www2.gov.bc.ca/assets/gov/environment/air-land-water/water/waterquality/waterqualityguidesobjs/approved-wat-qual-guides/selenium/wqgupdate2014.pdf','Less',1),(10,'Silver (Ag)-Total','ug/L','if([Hardness (as CaCO3)] <= 100, 0.05, 1.5)','equation','http://www.env.gov.bc.ca/wat/wq/BCguidelines/silver/silver.html','Less',2),(11,'Zinc (Zn)-Total','ug/L','Max(7.5 + 0.75 * ([Hardness (as CaCO3)] - 90), 7.5)','equation','http://www.env.gov.bc.ca/wat/wq/BCguidelines/zinc/zinc.html','Less',2),(12,'Sulfate (SO4)','mg/L','if([Hardness (as CaCO3)] <= 30, 128, if([Hardness (as CaCO3)] <= 75, 218, if([Hardness (as CaCO3)] <= 180, 309, if([Hardness (as CaCO3)] <= 250, 429, 429))))','equation','http://www2.gov.bc.ca/assets/gov/environment/air-land-water/water/sulphate_final_guideline.pdf','Less',2),(13,'Cadmium (Cd)-Dissolved','ug/L','Max(Min((Exp((1.03 * Log([Hardness (as CaCO3)], [Math.E])) - 5.274)), 2.8),0.0380)','equation','http://www2.gov.bc.ca/assets/gov/environment/air-land-water/water/waterquality/waterqualityguidesobjs/approved-wat-qual-guides/cadmium/cadmium.pdf  (Table ES-1)','Less',1),(14,'Copper (Cu)-Total','ug/L','0.094 * [Hardness (as CaCO3)] + 2','equation','http://www.env.gov.bc.ca/wat/wq/BCguidelines/copper/copper.html','Less',1),(15,'Iron (Fe)-Total','mg/L','1','double','http://www.env.gov.bc.ca/wat/wq/BCguidelines/iron/iron_overview.pdf','Less',1),(16,'Iron (Fe)-Dissolved','mg/L','0.35','double','http://www.env.gov.bc.ca/wat/wq/BCguidelines/iron/iron_overview.pdf','Less',1),(17,'Lead (Pb)-Total','ug/L','if([Hardness (as CaCO3)] <= 8, 3, Exp((1.273 * Log([Hardness (as CaCO3)], [Math.E]))-1.46))','equation','http://www.env.gov.bc.ca/wat/wq/BCguidelines/lead/lead.html','Less',1),(18,'Manganese (Mn)-Total','mg/L','([Hardness (as CaCO3)] * 0.01102) + 0.54','equation','http://www.env.gov.bc.ca/wat/wq/BCguidelines/manganese/manganese.html','Less',1),(19,'Silver (Ag)-Total','ug/L','if([Hardness (as CaCO3)] <= 100, 0.1, 3)','equation','http://www.env.gov.bc.ca/wat/wq/BCguidelines/silver/silver.html','Less',1),(20,'Zinc (Zn)-Total','ug/L','Max(33 + 0.75 * ([Hardness (as CaCO3)] - 90), 33)','equation','http://www.env.gov.bc.ca/wat/wq/BCguidelines/zinc/zinc.html','Less',1),(21,'Arsenic (As)-Dissolved','ug/L','50','double','http://www.bclaws.ca/EPLibraries/bclaws_new/document/ID/freeside/375_96_08','Less',6),(22,'Cadmium (Cd)-Dissolved','ug/L','if([Hardness (as CaCO3)] <= 30, 0.1, if([Hardness (as CaCO3)] < 90, 0.3, if([Hardness (as CaCO3)] < 150, 0.5, if([Hardness (as CaCO3)] <210, 0.6, 10 * (Pow(10, (0.86 * Log10([Hardness (as CaCO3)])) - 3.2))))))','equation','http://www.esdat.com.au/Environmental%20Standards/Canada/BC/protocol_10.pdf','Less',6),(23,'Cobalt (Co)-Dissolved','ug/L','40','double','http://www.bclaws.ca/EPLibraries/bclaws_new/document/ID/freeside/375_96_08','Less',6),(24,'Copper (Cu)-Dissolved','ug/L','if([Hardness (as CaCO3)] < 50, 20, if([Hardness (as CaCO3)] < 75, 30, if([Hardness (as CaCO3)] < 100, 40, if([Hardness (as CaCO3)] < 125, 50, if([Hardness (as CaCO3)] < 150, 60, if([Hardness (as CaCO3)] < 175, 70, if([Hardness (as CaCO3)] < 200, 80, 90)))))))','equation','http://www.bclaws.ca/EPLibraries/bclaws_new/document/ID/freeside/375_96_08','Less',6),(25,'Lead (Pb)-Dissolved','ug/L','if([Hardness (as CaCO3)] < 50, 40, if([Hardness (as CaCO3)] < 100, 50, if([Hardness (as CaCO3)] < 200, 60, if([Hardness (as CaCO3)] < 300, 110, 160))))','equation','http://www.bclaws.ca/EPLibraries/bclaws_new/document/ID/freeside/375_96_08','Less',6),(26,'Selenium (Se)-Dissolved','ug/L','10','double','http://www.bclaws.ca/EPLibraries/bclaws_new/document/ID/freeside/375_96_08','Less',6),(27,'Silver (Ag)-Dissolved','ug/L','if([Hardness (as CaCO3)] <= 100, 0.5, 15)','equation','http://www.bclaws.ca/EPLibraries/bclaws_new/document/ID/freeside/375_96_08','Less',6),(28,'Zinc (Zn)-Dissolved','ug/L','if([Hardness (as CaCO3)] <= 90, 75, if([Hardness (as CaCO3)] < 100, 150, if([Hardness (as CaCO3)] < 200, 900, if([Hardness (as CaCO3)] < 300, 1650, if([Hardness (as CaCO3)] < 400, 2400, 10 * (7.5 + (0.75 * ([Hardness (as CaCO3)] - 90))) )))))','equation','http://www.esdat.com.au/Environmental%20Standards/Canada/BC/protocol_10.pdf','Less',6),(29,'Sulfate (SO4)','mg/L','1000','double','http://www.bclaws.ca/EPLibraries/bclaws_new/document/ID/freeside/375_96_08','Less',6),(30,'Arsenic (As)-Total','ug/L','25','double','http://www.env.gov.bc.ca/wat/wq/BCguidelines/arsenic/index.html','Less',3),(31,'Aluminum (Al)-Total','mg/L','5','double','http://www.env.gov.bc.ca/wat/wq/BCguidelines/aluminum/aluminum.html','Less',3),(32,'Copper (Cu)-Total','ug/L','300','double','http://www.env.gov.bc.ca/wat/wq/BCguidelines/copper/copper.html','Less',3),(33,'Lead (Pb)-Total','ug/L','100','double','http://www.env.gov.bc.ca/wat/wq/BCguidelines/lead/lead.html','Less',3),(34,'Selenium (Se)-Total','ug/L','2','double','http://www2.gov.bc.ca/assets/gov/environment/air-land-water/water/waterquality/waterqualityguidesobjs/approved-wat-qual-guides/selenium/wqgupdate2014.pdf   (Table 1.1)','Less',3),(35,'Arsenic (As)-Total','ug/L','5','double','http://st-ts.ccme.ca/en/index.html?chems=9&chapters=all','Less',13),(36,'Copper (Cu)-Total','ug/L','if([Hardness (as CaCO3)] < 82, 2, if([Hardness (as CaCO3)] > 180, 4, 0.2 * Exp(0.85458 * Log([Hardness (as CaCO3)], [Math.E])-1.465)))','equation','http://st-ts.ccme.ca/en/index.html?lang=en&factsheet=71#aql_fresh_concentration','Less',13),(37,'Iron (Fe)-Total','ug/L','300','double','http://st-ts.ccme.ca/en/index.html?chems=123&chapters=all','Less',13),(38,'Lead (Pb)-Total','ug/L','if([Hardness (as CaCO3)] <= 60, 1, if([Hardness (as CaCO3)] > 180, 7, Exp(1.273 * Log([Hardness (as CaCO3)], [Math.E]) - 4.705)))','equation','http://st-ts.ccme.ca/en/index.html?lang=en&factsheet=124#aql_fresh_concentration','Less',13),(39,'Selenium (Se)-Total','ug/L','1','double','http://st-ts.ccme.ca/en/index.html?chems=197&chapters=all','Less',13),(40,'Silver (Ag)-Total','ug/L','0.25','double','http://st-ts.ccme.ca/en/index.html?chems=198&chapters=all','Less',12),(41,'Zinc (Zn)-Total','ug/L','30','double','http://st-ts.ccme.ca/en/index.html?lang=en&factsheet=124','Less',13),(42,'Cadmium (Cd)-Total','ug/L','0.09','double','http://st-ts.ccme.ca/en/index.html?chems=20&chapters=all','Less',12),(43,'Cadmium (Cd)-Total','ug/L','1','double','http://st-ts.ccme.ca/en/index.html?chems=20&chapters=all','Less',11),(44,'Arsenic (As)-Total','mg/L','1','double','http://laws-lois.justice.gc.ca/eng/regulations/SOR-2002-222/FullText.html','Less',10),(45,'Copper (Cu)-Total','mg/L','0.6','double','http://laws-lois.justice.gc.ca/eng/regulations/SOR-2002-222/FullText.html','Less',10),(46,'Lead (Pb)-Total','mg/L','0.4','double','http://laws-lois.justice.gc.ca/eng/regulations/SOR-2002-222/FullText.html','Less',10),(47,'Zinc (Zn)-Total','mg/L','1','double','http://laws-lois.justice.gc.ca/eng/regulations/SOR-2002-222/FullText.html','Less',10),(48,'Total Suspended Solids','mg/L','30','double','http://laws-lois.justice.gc.ca/eng/regulations/SOR-2002-222/FullText.html','Less',10),(49,'Arsenic (As)-Total','mg/L','0.5','double','http://laws-lois.justice.gc.ca/eng/regulations/SOR-2002-222/FullText.html','Less',9),(50,'Copper (Cu)-Total','mg/L','0.3','double','http://laws-lois.justice.gc.ca/eng/regulations/SOR-2002-222/FullText.html','Less',9),(51,'Lead (Pb)-Total','mg/L','0.2','double','http://laws-lois.justice.gc.ca/eng/regulations/SOR-2002-222/FullText.html','Less',9),(52,'Zinc (Zn)-Total','mg/L','0.5','double','http://laws-lois.justice.gc.ca/eng/regulations/SOR-2002-222/FullText.html','Less',9),(53,'Total Suspended Solids','mg/L','15','double','http://laws-lois.justice.gc.ca/eng/regulations/SOR-2002-222/FullText.html','Less',9),(54,'Arsenic (As)-Total','mg/L','0.024','double','MoE Silvertip Discharge Permit (#7337)','Less',7),(55,'Cadmium (Cd)-Dissolved','mg/L','0.0018','double','MoE Silvertip Discharge Permit (#7337)','Less',7),(56,'Cobalt (Co)-Total','mg/L','0.02','double','MoE Silvertip Discharge Permit (#7337)','Less',7),(57,'Copper (Cu)-Total','mg/L','0.03','double','MoE Silvertip Discharge Permit (#7337)','Less',7),(58,'Lead (Pb)-Total','mg/L','0.046','double','MoE Silvertip Discharge Permit (#7337)','Less',7),(59,'Selenium (Se)-Total','mg/L','0.008','double','MoE Silvertip Discharge Permit (#7337)','Less',7),(60,'Silver (Ag)-Total','mg/L','0.007','double','MoE Silvertip Discharge Permit (#7337)','Less',7),(61,'Zinc (Zn)-Total','mg/L','0.5','double','MoE Silvertip Discharge Permit (#7337)','Less',7),(62,'Sulfate (SO4)','mg/L','1800','double','MoE Silvertip Discharge Permit (#7337)','Less',7),(63,'Total Suspended Solids','mg/L','30','double','MoE Silvertip Discharge Permit (#7337)','Less',7),(65,'Cadmium (Cd)-Dissolved','mg/L','0.0013','double','MoE Silvertip Discharge Permit (#7337)','Less',8),(66,'Zinc (Zn)-Total','mg/L','0.332','double','MoE Silvertip Discharge Permit (#7337)','Less',8),(67,'Antimony (Sb)-Total','ug/L','9','double','Table 1 in http://www2.gov.bc.ca/assets/gov/environment/air-land-water/water/waterquality/waterqualityguidesobjs/work-water-quality-guidelines.pdf','Less',5),(68,'Barium (Ba)-Total','mg/L','1','double','Table 1 in http://www2.gov.bc.ca/assets/gov/environment/air-land-water/water/waterquality/waterqualityguidesobjs/work-water-quality-guidelines.pdf','Less',5),(69,'Beryllium (Be)-Total','ug/L','0.13','double','Table 1 in http://www2.gov.bc.ca/assets/gov/environment/air-land-water/water/waterquality/waterqualityguidesobjs/work-water-quality-guidelines.pdf','Less',5),(70,'Nickel (Ni)-Total','ug/L','if([Hardness (as CaCO3)] <= 60, 25, if([Hardness (as CaCO3)] < 180, Exp(0.76 * Log([Hardness (as CaCO3)], [Math.E]) + 1.06), if([Hardness (as CaCO3)] >= 180, 150, 1)))','equation','Table 1 in http://www2.gov.bc.ca/assets/gov/environment/air-land-water/water/waterquality/waterqualityguidesobjs/work-water-quality-guidelines.pdf','Less',5),(71,'Uranium (U)-Total','ug/L','8.5','double','Table 1 in http://www2.gov.bc.ca/assets/gov/environment/air-land-water/water/waterquality/waterqualityguidesobjs/work-water-quality-guidelines.pdf','Less',5),(72,'Thallium (Tl)-Total','ug/L','0.8','double','Table 1 in http://www2.gov.bc.ca/assets/gov/environment/air-land-water/water/waterquality/waterqualityguidesobjs/work-water-quality-guidelines.pdf','Less',5),(73,'Arsenic (As)-Total','ug/L','25','double','Table 1 in http://www.env.gov.bc.ca/wat/wq/BCguidelines/arsenic/index.html','Less',4),(74,'Boron (B)-Total','mg/L','5','double','Table 1 in http://www.env.gov.bc.ca/wat/wq/BCguidelines/arsenic/index.html','Less',4),(75,'Chloride (Cl)','mg/L','150','double','NULL','Less',2),(76,'Fluoride (F)','mg/L','Max((-51.73 + (92.57 * Log10([Hardness (as CaCO3)]))) * 0.01, 0.4)','equation','NULL','Less',1),(77,'Nitrate (as N)','mg/L','3','double','NULL','Less',2),(78,'Nitrite (as N)','mg/L','if([Chloride (Cl)]<2,0.02,if([Chloride (Cl)]<4,0.04,if([Chloride (Cl)]<6,0.06,if([Chloride (Cl)]<8,0.08,if([Chloride (Cl)]<=10,0.1,0.2)))))','equation','NULL','Less',2),(79,'Nitrate (as N)','mg/L','32.8','double','NULL','Less',1),(80,'Nitrite (as N)','mg/L','if([Chloride (Cl)] <2,0.06,if([Chloride (Cl)] <4,0.12,if([Chloride (Cl)] <6,0.18,if([Chloride (Cl)] <8,0.24,if([Chloride (Cl)] <10,0.3,0.6)))))','equation','NULL','Less',1),(81,'Chloride (Cl)','mg/L','1500','double','http://www.bclaws.ca/EPLibraries/bclaws_new/document/ID/freeside/375_96_08','Less',6),(82,'Fluoride (F)','ug/L','if([Hardness (as CaCO3)] <50,2000,3000)','equation','http://www.bclaws.ca/EPLibraries/bclaws_new/document/ID/freeside/375_96_08','Less',6),(83,'Nitrate (as N)','mg/L','400','double','http://www.bclaws.ca/EPLibraries/bclaws_new/document/ID/freeside/375_96_08','Less',6),(84,'Ammonia, Total (as N)','ug/L','if([PH]<7,18400,if([PH] <7.5,18500,if([PH] <8,11300,if([PH] <8.5,3700,1310))))','equation','http://www.bclaws.ca/EPLibraries/bclaws_new/document/ID/freeside/375_96_08','Less',6),(85,'Beryllium (Be)-Dissolved','ug/L','53','double','http://www.bclaws.ca/EPLibraries/bclaws_new/document/ID/freeside/375_96_08','Less',6),(86,'Mercury (Hg)-Dissolved','ug/L','1','double','http://www.bclaws.ca/EPLibraries/bclaws_new/document/ID/freeside/375_96_08','Less',6),(87,'Antimony (Sb)-Dissolved','ug/L','200','double','http://www.bclaws.ca/EPLibraries/bclaws_new/document/ID/freeside/375_96_08','Less',6),(88,'Barium (Ba)-Dissolved','ug/L','10000','double','http://www.bclaws.ca/EPLibraries/bclaws_new/document/ID/freeside/375_96_08','Less',6),(89,'Boron (B)-Dissolved','ug/L','50000','double','http://www.bclaws.ca/EPLibraries/bclaws_new/document/ID/freeside/375_96_08','Less',6),(90,'Chromium (Cr)-Dissolved','ug/L','10','double','http://www.bclaws.ca/EPLibraries/bclaws_new/document/ID/freeside/375_96_08','Less',6),(91,'Molybdenum (Mo)-Dissolved','ug/L','10000','double','http://www.bclaws.ca/EPLibraries/bclaws_new/document/ID/freeside/375_96_08','Less',6),(92,'Nickel (Ni)-Dissolved','ug/L','if([Hardness (as CaCO3)] <60,250,if([Hardness (as CaCO3)] <120,650,if([Hardness (as CaCO3)] <180,1100,1500)))','equation','http://www.bclaws.ca/EPLibraries/bclaws_new/document/ID/freeside/375_96_08','Less',6),(93,'Thallium (Tl)-Dissolved','ug/L','3','double','http://www.bclaws.ca/EPLibraries/bclaws_new/document/ID/freeside/375_96_08','Less',6),(94,'Titanium (Ti)-Dissolved','ug/L','1000','double','http://www.bclaws.ca/EPLibraries/bclaws_new/document/ID/freeside/375_96_08','Less',6),(95,'Uranium (U)-Dissolved','ug/L','3000','double','http://www.bclaws.ca/EPLibraries/bclaws_new/document/ID/freeside/375_96_08','Less',6),(96,'Ammonia, Total (as N)','mg/L','1.92','equation','NULL','Less',1),(97,'Boron (B)-Total','mg/L','1.2','double','Table 1 in http://www.env.gov.bc.ca/wat/wq/BCguidelines/boron/boron.html','Less',2),(98,'Cobalt (Co)-Total','ug/L','4','double','http://www2.gov.bc.ca/assets/gov/environment/air-land-water/water/waterquality/waterqualityguidesobjs/approved-wat-qual-guides/approved_wqg_summary_dec_17_2015.pdf','Less',2),(99,'Cobalt (Co)-Total','ug/L','110','double','http://www2.gov.bc.ca/assets/gov/environment/air-land-water/water/waterquality/waterqualityguidesobjs/approved-wat-qual-guides/approved_wqg_summary_dec_17_2015.pdf','Less',1),(100,'Molybdenum (Mo)-Total','mg/L','1','double','NULL','Less',2),(101,'Molybdenum (Mo)-Total','mg/L','2','double','NULL','Less',1),(102,'Mercury (Hg)-Total','ug/L','0.02','double','NULL','Less',2),(103,'Mercury (Hg)-Total','ug/L','0.0026','double','http://st-ts.ccme.ca/en/index.html?chems=131&chapters=1&pdf=1','Less',13),(104,'Chromium (Cr)- Total','ug/L','1','double','Table 1 in http://www2.gov.bc.ca/assets/gov/environment/air-land-water/water/waterquality/waterqualityguidesobjs/work-water-quality-guidelines.pdf','Less',2),(105,'Chloride (Cl)','mg/L','250','double','NULL','Less',15),(106,'Sulfate (SO4)','mg/L','500','double','NULL','Less',15),(107,'Copper (Cu)- Total','mg/L','1','double','NULL','Less',15),(108,'Iron (Fe)-Total','mg/L','0.3','double','NULL','Less',15),(109,'Manganese (Mn)-Total','mg/L','0.05','double','NULL','Less',15),(110,'Sodium (Na)-Total','mg/L','200','double','NULL','Less',15),(111,'Zinc (Zn)-Total','mg/L','5','double','NULL','Less',15),(112,'Colour','TCU','15','double','NULL','Less',15),(113,'Total Dissolved Solids','mg/L','500','double','NULL','Less',15),(114,'Aluminum (Al)-Total','mg/L','0.1','double','NULL','Less',16),(115,'pH','pH','7<=[PH] and [PH]<=10.5','range','NULL','Between',16),(116,'Nitrite (N)','mg/L','1','double','NULL','Less',17),(117,'Antimony (Sb)-Total','mg/L','0.006','double','NULL','Less',17),(118,'Arsenic (As)-Total','mg/L','0.01','double','NULL','Less',17),(119,'Barium (Ba)-Total','mg/L','1','double','NULL','Less',17),(120,'Boron (B)-Total','mg/L','5','double','NULL','Less',17),(121,'Cadmium (Cd)-Total','mg/L','0.005','double','NULL','Less',17),(122,'Chromium (Cr)-Total','mg/L','0.05','double','NULL','Less',17),(123,'Lead (Pb)-Total','mg/L','0.01','double','NULL','Less',17),(124,'Selenium (Se)-Total','mg/L','0.05','double','NULL','Less',17),(125,'Uranium (U)-Total','mg/L','0.02','double','NULL','Less',17),(126,'Fluoride (F)-Total','mg/L','1.5','double','NULL','Less',17),(127,'Mercury (Hg)-Total','mg/L','0.001','double','NULL','Less',17),(128,'E. coli','CFU/100 mL','0','double','NULL','Less',17),(129,'Total Coliforms','CFU/100 mL','0','double','NULL','Less',17),(132,'Nitrate (N)','mg/L','10','double','NULL','Less',17);
/*!40000 ALTER TABLE `analyteguideline` ENABLE KEYS */;
UNLOCK TABLES;

--
-- Table structure for table `guideline`
--

DROP TABLE IF EXISTS `guideline`;
/*!40101 SET @saved_cs_client     = @@character_set_client */;
/*!40101 SET character_set_client = utf8 */;
CREATE TABLE `guideline` (
  `Id` int(11) NOT NULL AUTO_INCREMENT,
  `Name` varchar(2000) NOT NULL,
  `ShortCode` varchar(200) NOT NULL,
  PRIMARY KEY (`Id`),
  UNIQUE KEY `ShortCode_UNIQUE` (`ShortCode`)
) ENGINE=InnoDB AUTO_INCREMENT=18 DEFAULT CHARSET=utf8;
/*!40101 SET character_set_client = @saved_cs_client */;

--
-- Dumping data for table `guideline`
--

LOCK TABLES `guideline` WRITE;
/*!40000 ALTER TABLE `guideline` DISABLE KEYS */;
INSERT INTO `guideline` VALUES (1,'BC Approved Water Quality Guideline - Freshwater Aquatic Life - Short Term Max','BC_AWQG_STMAX'),(2,'BC Approved Water Quality Guideline - Freshwater Aquatic Life - Long Term Average','BC_AWQG_LTAVE'),(3,'BC Approved Water Quality Guideline - Wildlife Water Supply - Short Term','BC_WWS_ST'),(4,'BC Approved Water Quality Guideline - Wildlife Water Supply - Long Term','BC_WWS_LT'),(5,'BC Working Water Quality Guideline - Freshwater Aquatic Life - Long Term Average','BC_WWQG_LTAVE'),(6,'BC Contaminated Sites Regulation Water Standard','BC_CSR'),(7,'JDS Discharge from WTF, Max Authorized Concentration in a Grab Sample','JDS_WTF_MAXGRAB'),(8,'Science Based Environmental Benchmark','SB_ENVBM'),(9,'Federal Metal Mining Effluent Regulations - Max Authorized Monthly Mean Concentration','FMMER_MAXMON'),(10,'Federal Metal Mining Effluent Regulations - Max Authorized Concentration in a Grab Sample','FMMER_MAXGRAB'),(11,'Canadian Council of Ministers of the Environment Freshwater Guidelines Water Quality Guidelines for the Protection of Aquatic Life- Short Term','CCME_FRESH_ST'),(12,'Canadian Council of Ministers of the Environment Freshwater Guidelines Water Quality Guidelines for the Protection of Aquatic Life- Long Term','CCME_FRESH_LT'),(13,'Canadian Council of Ministers of the Environment Freshwater Guidelines Water Quality Guidelines for the Protection of Aquatic Life','CCME_FRESH'),(15,'Canadian Drinking Water Quality - Aesthetic Objective','CDWQ_AO'),(16,'Canadian Drinking Water Quality - Operational guidance','CDWQ_OG'),(17,'Canadian Drinking Water Quality - Maximum allowable concentration','CDWQ_MAC');
/*!40000 ALTER TABLE `guideline` ENABLE KEYS */;
UNLOCK TABLES;

--
-- Table structure for table `labanalyte`
--

DROP TABLE IF EXISTS `labanalyte`;
/*!40101 SET @saved_cs_client     = @@character_set_client */;
/*!40101 SET character_set_client = utf8 */;
CREATE TABLE `labanalyte` (
  `Id` int(11) NOT NULL AUTO_INCREMENT,
  `Name` varchar(255) NOT NULL,
  `CAS_Code` varchar(2000) DEFAULT NULL,
  PRIMARY KEY (`Id`)
) ENGINE=InnoDB AUTO_INCREMENT=291 DEFAULT CHARSET=utf8;
/*!40101 SET character_set_client = @saved_cs_client */;

--
-- Dumping data for table `labanalyte`
--

LOCK TABLES `labanalyte` WRITE;
/*!40000 ALTER TABLE `labanalyte` DISABLE KEYS */;
INSERT INTO `labanalyte` VALUES (1,'Ammonia (as N)',NULL),(2,'Ammonia (N)',NULL),(3,'Ammonia (N)-Total',NULL),(4,'Chloride (Cl)',NULL),(5,'Chloride (Cl)-Dissolved',NULL),(6,'Nitrate and Nitrite (as N)',NULL),(7,'Nitrate plus Nitrite (as N)',NULL),(8,'Nitrate plus Nitrite (N)',NULL),(9,'Nitrite (N)',NULL),(10,'Nitrogen (N)-Total',NULL),(11,'Orthophosphate (P)',NULL),(12,'Phosphorus (P)',NULL),(13,'Phosphorus (P)-Total',NULL),(14,'Potassium (K)',NULL),(15,'Sulphate (SO4)',NULL),(16,'Sulphate (SO4)-Dissolved',NULL),(17,'Sulphur (S)',NULL),(18,'Total Ammonia (N)',NULL),(19,'Total Nitrogen (N)',NULL),(20,'Aluminum (Al)-Dissolved',NULL),(21,'Antimony (Sb)-Dissolved',NULL),(22,'Arsenic (As)-Dissolved',NULL),(23,'Barium (Ba)-Dissolved',NULL),(24,'Beryllium (Be)-Dissolved',NULL),(25,'Bismuth (Bi)-Dissolved',NULL),(26,'Boron (B)-Dissolved',NULL),(27,'Cadmium (Cd)-Dissolved',NULL),(28,'Calcium (Ca)-Dissolved',NULL),(29,'Cesium (Cs)-Dissolved',NULL),(30,'Chromium (Cr)-Dissolved',NULL),(31,'Cobalt (Co)-Dissolved',NULL),(32,'Copper (Cu)-Dissolved',NULL),(33,'Iron (Fe)-Dissolved',NULL),(34,'Lanthanum (La)-Dissolved',NULL),(35,'Lead (Pb)-Dissolved',NULL),(36,'Lithium (Li)-Dissolved',NULL),(37,'Magnesium (Mg)-Dissolved',NULL),(38,'Manganese (Mn)-Dissolved',NULL),(39,'Mercury (Hg)-Dissolved',NULL),(40,'Molybdenum (Mo)-Dissolved',NULL),(41,'Nickel (Ni)-Dissolved',NULL),(42,'Phosphorus (P)-Dissolved',NULL),(43,'Potassium (K)-Dissolved',NULL),(44,'Rubidium (Rb)-Dissolved',NULL),(45,'Selenium (Se)-Dissolved',NULL),(46,'Silicon (Si)-Dissolved',NULL),(47,'Silver (Ag)-Dissolved',NULL),(48,'Sodium (Na)-Dissolved',NULL),(49,'Strontium (Sr)-Dissolved',NULL),(50,'Sulphur (S)-Dissolved',NULL),(51,'Tellurium (Te)-Dissolved',NULL),(52,'Thallium (Tl)-Dissolved',NULL),(53,'Thorium (Th)-Dissolved',NULL),(54,'Tin (Sn)-Dissolved',NULL),(55,'Titanium (Ti)-Dissolved',NULL),(56,'Tungsten (W)-Dissolved',NULL),(57,'Uranium (U)-Dissolved',NULL),(58,'Vanadium (V)-Dissolved',NULL),(59,'Zinc (Zn)-Dissolved',NULL),(60,'Zirconium (Zr)-Dissolved',NULL),(61,'Alkalinity (PP as CaCO3)',NULL),(62,'Alkalinity (Total as CaCO3)',NULL),(63,'Bicarbonate (HCO3)',NULL),(64,'Carbon (C)',NULL),(65,'Carbonate (CO3)',NULL),(66,'Cyanide (CN)',NULL),(67,'Fluoride (F)-Total',NULL),(68,'Hardness (CaCO3)',NULL),(69,'Hardness (CaCO3)-Dissolved',NULL),(70,'Hydroxide (OH)',NULL),(71,'Moisture',NULL),(72,'Nitrogen (N)',NULL),(73,'Organic Carbon',NULL),(74,'Organic Carbon (C)',NULL),(75,'Organic Carbon (C)-Dissolved',NULL),(76,'Organic Carbon (C)-Total',NULL),(77,'% sand by hydrometer',NULL),(78,'% silt by hydrometer',NULL),(79,'Carbon',NULL),(80,'Clay Content',NULL),(81,'Colour',NULL),(82,'Conductivity',NULL),(83,'Fizz Rating',NULL),(84,'Gravel',NULL),(85,'Moisture',NULL),(86,'Neutralization Potential',NULL),(87,'Odour',NULL),(88,'pH',NULL),(89,'Sieve - #10 (>2.00mm)',NULL),(90,'Sieve - #200 (>0.075mm)',NULL),(91,'Sieve - #4 (>4.75mm)',NULL),(92,'Sieve - #40 (>0.425mm)',NULL),(93,'Sieve - Pan',NULL),(94,'Solids',NULL),(95,'Sulphur (S)',NULL),(96,'Total Dissolved Solids',NULL),(97,'Total Suspended Solids',NULL),(98,'Turbidity',NULL),(99,'Aluminum (Al)-Total',NULL),(100,'Antimony (Sb)-Total',NULL),(101,'Arsenic (As)-Total',NULL),(102,'Barium (Ba)-Total',NULL),(103,'Beryllium (Be)-Total',NULL),(104,'Bismuth (Bi)-Total',NULL),(105,'Boron (B)-Total',NULL),(106,'Cadmium (Cd)-Total',NULL),(107,'Calcium (Ca)-Total',NULL),(108,'Chromium (Cr)-Total',NULL),(109,'Cobalt (Co)-Total',NULL),(110,'Copper (Cu)-Total',NULL),(111,'Iron (Fe)-Total',NULL),(112,'Lead (Pb)-Total',NULL),(113,'Lithium (Li)-Total',NULL),(114,'Magnesium (Mg)-Total',NULL),(115,'Manganese (Mn)-Total',NULL),(116,'Mercury (Hg)-Total',NULL),(117,'Molybdenum (Mo)-Total',NULL),(118,'Nickel (Ni)-Total',NULL),(119,'Phosphorus (P)-Total',NULL),(120,'Potassium (K)-Total',NULL),(121,'Selenium (Se)-Total',NULL),(122,'Silicon (Si)-Total',NULL),(123,'Silver (Ag)-Total',NULL),(124,'Sodium (Na)-Total',NULL),(125,'Strontium (Sr)-Total',NULL),(126,'Sulphur (S)-Total',NULL),(127,'Thallium (Tl)-Total',NULL),(128,'Tin (Sn)-Total',NULL),(129,'Titanium (Ti)-Total',NULL),(130,'Uranium (U)-Total',NULL),(131,'Vanadium (V)-Total',NULL),(132,'Zinc (Zn)-Total',NULL),(133,'Zirconium (Zr)-Total',NULL),(134,'1,1,1,2-tetrachloroethane',NULL),(135,'1,1,1-trichloroethane',NULL),(136,'1,1,2,2-tetrachloroethane',NULL),(137,'1,1,2-trichloroethane',NULL),(138,'1,1-dichloroethane',NULL),(139,'1,1-dichloroethene',NULL),(140,'1,2,3,4,6,7,8-Hepta CDD',NULL),(141,'1,2,3,4,6,7,8-Hepta CDF',NULL),(142,'1,2,3,4,7,8,9-Hepta CDF',NULL),(143,'1,2,3,4,7,8-Hexa CDD',NULL),(144,'1,2,3,4,7,8-Hexa CDF',NULL),(145,'1,2,3,6,7,8-Hexa CDD',NULL),(146,'1,2,3,6,7,8-Hexa CDF',NULL),(147,'1,2,3,7,8,9-Hexa CDD',NULL),(148,'1,2,3,7,8,9-Hexa CDF',NULL),(149,'1,2,3,7,8-Penta CDD',NULL),(150,'1,2,3,7,8-Penta CDF',NULL),(151,'1,2,3-trichlorobenzene',NULL),(152,'1,2,4-trichlorobenzene',NULL),(153,'1,2-dibromoethane',NULL),(154,'1,2-dichlorobenzene',NULL),(155,'1,2-dichloroethane',NULL),(156,'1,2-dichloropropane',NULL),(157,'1,3-dichlorobenzene',NULL),(158,'1,4-dichlorobenzene',NULL),(159,'2,3,4,6,7,8-Hexa CDF',NULL),(160,'2,3,4,7,8-Penta CDF',NULL),(161,'2,3,7,8-Tetra CDD',NULL),(162,'2,3,7,8-Tetra CDF',NULL),(163,'2-Methylnaphthalene',NULL),(164,'Acenaphthene',NULL),(165,'Acenaphthylene',NULL),(166,'Acid Generation Potential',NULL),(167,'Acidity (pH 4.5)',NULL),(168,'Acidity (pH 8.3)',NULL),(169,'Alkalinity (PP as CaCO3)',NULL),(170,'Ammonia (N)',NULL),(171,'Anion Sum',NULL),(172,'Anthracene',NULL),(173,'Benzene',NULL),(174,'Benzo(a)anthracene',NULL),(175,'Benzo(a)pyrene',NULL),(176,'Benzo(b&j)fluoranthene',NULL),(177,'Benzo(b)fluoranthene',NULL),(178,'Benzo(g,h,i)perylene',NULL),(179,'Benzo(k)fluoranthene',NULL),(180,'Benzo[a]pyrene equivalency',NULL),(181,'Biochemical Oxygen Demand',NULL),(182,'Bromodichloromethane',NULL),(183,'Bromoform',NULL),(184,'Bromomethane',NULL),(185,'C:N RATIO',NULL),(186,'Cadmium (Cd)',NULL),(187,'Calcium (Ca)',NULL),(188,'Carbon tetrachloride',NULL),(189,'Carbonate (CO3)',NULL),(190,'Cation Sum',NULL),(191,'Characterisation by MS',NULL),(192,'Chloride (Cl)',NULL),(193,'Chlorobenzene',NULL),(194,'Chlorodibromomethane',NULL),(195,'Chloroethane',NULL),(196,'Chloroform',NULL),(197,'Chloromethane',NULL),(198,'Chromium (III)-Total',NULL),(199,'Chrysene',NULL),(200,'cis-1,2-dichloroethene',NULL),(201,'cis-1,3-dichloropropene',NULL),(202,'Colour',NULL),(203,'Conductivity',NULL),(204,'Cyanide (CN)',NULL),(205,'Dibenz(a,h)anthracene',NULL),(206,'Dichloromethane',NULL),(207,'Dry Weight',NULL),(208,'E. coli',NULL),(209,'EPH (C10-C19)',NULL),(210,'EPH (C19-C32)',NULL),(211,'Ethylbenzene',NULL),(212,'F2 (C10-C16 Hydrocarbons)',NULL),(213,'F3 (C16-C34 Hydrocarbons)',NULL),(214,'F4 (C34-C50 Hydrocarbons)',NULL),(215,'Fecal Coliforms',NULL),(216,'Filter and HNO3 Preservation',NULL),(217,'Fluoranthene',NULL),(218,'Fluorene',NULL),(219,'Hardness (CaCO3)',NULL),(220,'Hardness (CaCO3)-Dissolved',NULL),(221,'Hardness (CaCO3)-Total',NULL),(222,'Hardness (dissolved, as CaCO3)',NULL),(223,'HEPH (C19-C32 less PAH)',NULL),(224,'Hexachlorobutadiene',NULL),(225,'High Molecular Weight PAH`s',NULL),(226,'Hours of Labour',NULL),(227,'Indeno(1,2,3-cd)pyrene',NULL),(228,'Index of Additive Cancer Risk(IARC)',NULL),(229,'Ion Balance',NULL),(230,'Ion Balance (% Difference)',NULL),(231,'Langelier Index (@ 20C)',NULL),(232,'LC50',NULL),(233,'LEPH (C10-C19 less PAH)',NULL),(234,'Low Molecular Weight PAH`s',NULL),(235,'m & p-Xylene',NULL),(236,'Magnesium (Mg)',NULL),(237,'Mercury (Hg)',NULL),(238,'Mercury (Hg)-Dissolved',NULL),(239,'Mercury (Hg)-Total',NULL),(240,'Methyl-tert-butylether (MTBE)',NULL),(241,'Mortality',NULL),(242,'Naphthalene',NULL),(243,'Net Neut. Potential Modified ABA',NULL),(244,'Neutralization Potential Ratio',NULL),(245,'Nitrate (as N)',NULL),(246,'Nitrate (N)',NULL),(247,'No Parameter',NULL),(248,'o-Xylene',NULL),(249,'Octa CDD',NULL),(250,'Octa CDF',NULL),(251,'pH',NULL),(252,'Phenanthrene',NULL),(253,'Potassium (K)',NULL),(254,'Prep of Samples at Maxxam',NULL),(255,'Pyrene',NULL),(256,'Radium-226',NULL),(257,'Remark',NULL),(258,'Sample Volume',NULL),(259,'Sample Weight',NULL),(260,'Saturation %',NULL),(261,'Saturation pH (@ 20C)',NULL),(262,'Sodium (Na)',NULL),(263,'Sodium Adsorption Ratio',NULL),(264,'Styrene',NULL),(265,'Subcontract Parameter',NULL),(266,'Sulphate (SO4)',NULL),(267,'Sulphur (S)',NULL),(268,'Tetrachloroethene',NULL),(269,'Toluene',NULL),(270,'Total Coliforms',NULL),(271,'Total Extractables C10 to C30',NULL),(272,'Total Hepta CDD',NULL),(273,'Total Hepta CDF',NULL),(274,'Total Hexa CDD',NULL),(275,'Total Hexa CDF',NULL),(276,'Total PAH',NULL),(277,'Total Penta CDD',NULL),(278,'Total Penta CDF',NULL),(279,'Total Tetra CDD',NULL),(280,'Total Tetra CDF',NULL),(281,'trans-1,2-dichloroethene',NULL),(282,'trans-1,3-dichloropropene',NULL),(283,'Trichloroethene',NULL),(284,'Trichlorofluoromethane',NULL),(285,'VH C6-C10',NULL),(286,'Vinyl chloride',NULL),(287,'VPH (VH6 to 10 - BTEX)',NULL),(288,'Xylenes (Total)',NULL),(289,'E. coli',NULL),(290,'Total Coliforms',NULL);
/*!40000 ALTER TABLE `labanalyte` ENABLE KEYS */;
UNLOCK TABLES;
/*!40103 SET TIME_ZONE=@OLD_TIME_ZONE */;

/*!40101 SET SQL_MODE=@OLD_SQL_MODE */;
/*!40014 SET FOREIGN_KEY_CHECKS=@OLD_FOREIGN_KEY_CHECKS */;
/*!40014 SET UNIQUE_CHECKS=@OLD_UNIQUE_CHECKS */;
/*!40101 SET CHARACTER_SET_CLIENT=@OLD_CHARACTER_SET_CLIENT */;
/*!40101 SET CHARACTER_SET_RESULTS=@OLD_CHARACTER_SET_RESULTS */;
/*!40101 SET COLLATION_CONNECTION=@OLD_COLLATION_CONNECTION */;
/*!40111 SET SQL_NOTES=@OLD_SQL_NOTES */;

-- Dump completed on 2018-02-13 14:43:20
